Academic Year,LSS Number,LSS Name,School Number,School Name,Total HS Completers,Diploma Count ,Diploma Pct,Certificate Count,Certificate Pct,USM Requirements Count,USM Requirements Pct,CTE Requirements Count,CTE Requirements Pct,USM and CTE Requirements Count,USM and CTE Requirements Pct,Met Rigorous Indicator Count,Met Rigorous Indicator Pct,Rigorous Foreign Language Count,Rigorous Foreign Language Pct,Rigorous Math Count,Rigorous Math Pct,Rigorous Science Count,Rigorous Science Pct,Rigorous Tech Ed Count,Rigorous Tech Ed Pct,Rigorous SAT OR ACT Count,Rigorous SAT OR ACT Pct,Rigorous GPA Count,Rigorous GPA Pct,Create Date 
2019,01,Allegany,0405,Fort Hill High,150,*,>= 95.0,*,<= 5.0,128,85.3,*,<= 5.0,*,<= 5.0,*,<= 5.0,*,<= 5.0,36,24.0,*,<= 5.0,*,<= 5.0,42,28.0,75,50.0,20200715
2019,01,Allegany,0601,Center for Career & Technical Education,121,*,>= 95.0,*,<= 5.0,*,<= 5.0,82,67.8,39,32.2,*,<= 5.0,*,<= 5.0,16,13.2,*,<= 5.0,*,<= 5.0,*,<= 5.0,68,56.2,20200715
2019,01,Allegany,0606,Allegany High,148,*,>= 95.0,*,<= 5.0,118,79.7,*,<= 5.0,*,<= 5.0,*,<= 5.0,*,<= 5.0,44,29.7,*,<= 5.0,*,<= 5.0,60,40.5,91,61.5,20200715
2019,01,Allegany,2404,Mountain Ridge High School,145,*,>= 95.0,*,<= 5.0,131,90.3,*,<= 5.0,*,<= 5.0,*,<= 5.0,*,<= 5.0,50,34.5,*,<= 5.0,*,<= 5.0,55,37.9,106,73.1,20200715
2019,01,Allegany,A,All Allegany Schools,564,*,>= 95.0,*,<= 5.0,377,66.8,82,14.5,39,6.9,*,<= 5.0,*,<= 5.0,146,25.9,*,<= 5.0,*,<= 5.0,162,28.7,340,60.3,20200715
2019,02,Anne Arundel,1033,Glen Burnie High,417,*,>= 95.0,*,<= 5.0,256,61.4,*,<= 5.0,76,18.2,40,9.6,*,<= 5.0,135,32.4,67,16.1,*,<= 5.0,120,28.8,165,39.6,20200715
2019,02,Anne Arundel,1323,North County High,471,*,>= 95.0,*,<= 5.0,354,75.2,*,<= 5.0,36,7.6,80,17.0,*,<= 5.0,149,31.6,114,24.2,*,<= 5.0,176,37.4,184,39.1,20200715
2019,02,Anne Arundel,2013,Severna Park High,424,*,>= 95.0,*,<= 5.0,388,91.5,*,<= 5.0,30,7.1,106,25.0,*,<= 5.0,286,67.5,107,25.2,*,<= 5.0,358,84.4,312,73.6,20200715
2019,02,Anne Arundel,2023,Northeast High,300,*,>= 95.0,*,<= 5.0,260,86.7,*,<= 5.0,25,8.3,28,9.3,*,<= 5.0,109,36.3,45,15.0,*,<= 5.0,118,39.3,134,44.7,20200715
2019,02,Anne Arundel,2233,Anne Arundel Evening High,112,*,>= 95.0,*,<= 5.0,62,55.4,13,11.6,*,<= 5.0,*,<= 5.0,*,<= 5.0,*,<= 5.0,*,<= 5.0,8,7.1,8,7.1,6,5.4,20200715
2019,02,Anne Arundel,2273,Chesapeake High,315,*,>= 95.0,*,<= 5.0,235,74.6,21,6.7,30,9.5,24,7.6,*,<= 5.0,107,34.0,27,8.6,*,<= 5.0,157,49.8,167,53.0,20200715
2019,02,Anne Arundel,2363,Broadneck High,475,*,>= 95.0,*,<= 5.0,424,89.3,*,<= 5.0,24,5.1,120,25.3,*,<= 5.0,228,48.0,131,27.6,*,<= 5.0,326,68.6,279,58.7,20200715
2019,02,Anne Arundel,3013,Arundel High,479,*,>= 95.0,*,<= 5.0,402,83.9,*,<= 5.0,49,10.2,*,<= 5.0,*,<= 5.0,208,43.4,*,<= 5.0,*,<= 5.0,260,54.3,219,45.7,20200715
2019,02,Anne Arundel,3323,Meade High,444,*,>= 95.0,*,<= 5.0,349,78.6,*,<= 5.0,52,11.7,26,5.9,*,<= 5.0,126,28.4,34,7.7,*,<= 5.0,150,33.8,160,36.0,20200715
2019,02,Anne Arundel,3353,Old Mill High,506,*,>= 95.0,*,<= 5.0,427,84.4,*,<= 5.0,42,8.3,50,9.9,*,<= 5.0,158,31.2,52,10.3,*,<= 5.0,206,40.7,236,46.6,20200715
2019,02,Anne Arundel,4013,Annapolis High,386,*,>= 95.0,*,<= 5.0,306,79.3,*,<= 5.0,25,6.5,58,15.0,*,<= 5.0,149,38.6,60,15.5,*,<= 5.0,183,47.4,197,51.0,20200715
2019,02,Anne Arundel,4023,Southern High,231,*,>= 95.0,*,<= 5.0,160,69.3,27,11.7,12,5.2,23,10.0,*,<= 5.0,76,32.9,32,13.9,*,<= 5.0,110,47.6,129,55.8,20200715
2019,02,Anne Arundel,4074,Phoenix Academy,38,*,>= 95.0,*,<= 5.0,20,52.6,13,34.2,*,<= 5.0,*,<= 5.0,*,<= 5.0,4,10.5,*,<= 5.0,*,<= 5.0,*,<= 5.0,4,10.5,20200715
2019,02,Anne Arundel,4293,South River High,508,*,>= 95.0,*,<= 5.0,362,71.3,27,5.3,115,22.6,136,26.8,*,<= 5.0,279,54.9,142,28.0,*,<= 5.0,346,68.1,317,62.4,20200715
2019,02,Anne Arundel,6223,Chesapeake Science Point,57,*,>= 95.0,*,<= 5.0,*,>= 95.0,*,<= 5.0,*,<= 5.0,25,43.9,*,<= 5.0,45,78.9,18,31.6,34,59.6,39,68.4,39,68.4,20200715
2019,02,Anne Arundel,A,All Anne Arundel Schools,5163,*,>= 95.0,*,<= 5.0,4062,78.7,*,<= 5.0,518,10.0,740,14.3,*,<= 5.0,2063,40.0,854,16.5,*,<= 5.0,2558,49.5,2548,49.4,20200715
2019,03,Baltimore County,0111,Maiden Choice School,*,*,*,*,*,*,*,*,*,*,*,*,*,*,*,*,*,*,*,*,*,*,*,*,*,20200715
2019,03,Baltimore County,0172,Woodlawn High Center for Pre-Eng. Res.,301,*,>= 95.0,*,<= 5.0,188,62.5,*,<= 5.0,27,9.0,*,<= 5.0,85,28.2,57,18.9,*,<= 5.0,*,<= 5.0,29,9.6,29,9.6,20200715
2019,03,Baltimore County,0174,Catonsville High,428,*,>= 95.0,*,<= 5.0,293,68.5,*,<= 5.0,72,16.8,151,35.3,241,56.3,211,49.3,111,25.9,25,5.8,236,55.1,197,46.0,20200715
2019,03,Baltimore County,0175,Western School of Technology & Env. Science,231,*,>= 95.0,*,<= 5.0,42,18.2,*,<= 5.0,178,77.1,119,51.5,140,60.6,150,64.9,82,35.5,*,<= 5.0,199,86.1,135,58.4,20200715
2019,03,Baltimore County,0271,Milford Mill Academy,314,*,>= 95.0,*,<= 5.0,129,41.1,*,<= 5.0,128,40.8,45,14.3,142,45.2,118,37.6,25,8.0,*,<= 5.0,63,20.1,78,24.8,20200715
2019,03,Baltimore County,0272,Randallstown High,207,*,>= 95.0,*,<= 5.0,150,72.5,*,<= 5.0,*,<= 5.0,23,11.1,92,44.4,56,27.1,17,8.2,*,<= 5.0,36,17.4,31,15.0,20200715
2019,03,Baltimore County,0371,Pikesville High,204,*,>= 95.0,*,<= 5.0,127,62.3,*,<= 5.0,56,27.5,61,29.9,115,56.4,99,48.5,44,21.6,*,<= 5.0,93,45.6,77,37.7,20200715
2019,03,Baltimore County,0452,Owings Mills High,236,*,>= 95.0,*,<= 5.0,139,58.9,*,<= 5.0,25,10.6,28,11.9,107,45.3,50,21.2,39,16.5,*,<= 5.0,49,20.8,64,27.1,20200715
2019,03,Baltimore County,0472,Franklin High,330,*,>= 95.0,*,<= 5.0,221,67.0,*,<= 5.0,37,11.2,65,19.7,126,38.2,133,40.3,44,13.3,*,<= 5.0,153,46.4,100,30.3,20200715
2019,03,Baltimore County,0473,New Town High,263,*,>= 95.0,*,<= 5.0,180,68.4,*,<= 5.0,60,22.8,41,15.6,100,38.0,149,56.7,37,14.1,*,<= 5.0,61,23.2,88,33.5,20200715
2019,03,Baltimore County,0772,Hereford High,297,*,>= 95.0,*,<= 5.0,264,88.9,*,<= 5.0,25,8.4,153,51.5,210,70.7,203,68.4,89,30.0,*,<= 5.0,227,76.4,185,62.3,20200715
2019,03,Baltimore County,0872,Dulaney High,438,*,>= 95.0,*,<= 5.0,354,80.8,*,<= 5.0,26,5.9,184,42.0,246,56.2,248,56.6,156,35.6,*,<= 5.0,303,69.2,217,49.5,20200715
2019,03,Baltimore County,0922,Ridge Ruxton,*,*,*,*,*,*,*,*,*,*,*,*,*,*,*,*,*,*,*,*,*,*,*,*,*,20200715
2019,03,Baltimore County,0971,Towson High Law & Public Policy,382,*,>= 95.0,*,<= 5.0,343,89.8,*,<= 5.0,*,<= 5.0,163,42.7,275,72.0,193,50.5,126,33.0,*,<= 5.0,272,71.2,203,53.1,20200715
2019,03,Baltimore County,0972,Parkville High & Center for Math/Science,339,*,>= 95.0,*,<= 5.0,191,56.3,*,<= 5.0,69,20.4,59,17.4,181,53.4,139,41.0,50,14.7,*,<= 5.0,89,26.3,86,25.4,20200715
2019,03,Baltimore County,0973,Loch Raven High,193,*,>= 95.0,*,<= 5.0,167,86.5,*,<= 5.0,*,<= 5.0,62,32.1,110,57.0,91,47.2,41,21.2,*,<= 5.0,103,53.4,74,38.3,20200715
2019,03,Baltimore County,0975,George W. Carver Center for Arts & Technology,209,*,>= 95.0,*,<= 5.0,128,61.2,*,<= 5.0,64,30.6,85,40.7,143,68.4,117,56.0,33,15.8,*,<= 5.0,162,77.5,113,54.1,20200715
2019,03,Baltimore County,1171,Perry Hall High,458,*,>= 95.0,*,<= 5.0,345,75.3,*,<= 5.0,*,<= 5.0,124,27.1,198,43.2,214,46.7,114,24.9,*,<= 5.0,201,43.9,170,37.1,20200715
2019,03,Baltimore County,1215,Battle Monument School,*,*,*,*,*,*,*,*,*,*,*,*,*,*,*,*,*,*,*,*,*,*,*,*,*,20200715
2019,03,Baltimore County,1272,Patapsco High & Center for Arts,283,*,>= 95.0,*,<= 5.0,163,57.6,*,<= 5.0,62,21.9,39,13.8,85,30.0,102,36.0,22,7.8,*,<= 5.0,78,27.6,92,32.5,20200715
2019,03,Baltimore County,1273,Dundalk High,327,*,>= 95.0,*,<= 5.0,110,33.6,24,7.3,113,34.6,22,6.7,109,33.3,77,23.5,*,<= 5.0,*,<= 5.0,55,16.8,69,21.1,20200715
2019,03,Baltimore County,1371,Lansdowne High & Academy of Finance,282,*,>= 95.0,*,<= 5.0,163,57.8,*,<= 5.0,52,18.4,28,9.9,113,40.1,112,39.7,21,7.4,*,<= 5.0,55,19.5,86,30.5,20200715
2019,03,Baltimore County,1473,Overlea High & Academy of Finance,225,*,>= 95.0,*,<= 5.0,117,52.0,15,6.7,41,18.2,12,5.3,72,32.0,59,26.2,*,<= 5.0,*,<= 5.0,30,13.3,26,11.6,20200715
2019,03,Baltimore County,1572,Kenwood High IB and Sports Science,347,*,>= 95.0,*,<= 5.0,160,46.1,42,12.1,73,21.0,24,6.9,112,32.3,75,21.6,*,<= 5.0,*,<= 5.0,62,17.9,67,19.3,20200715
2019,03,Baltimore County,1573,Sparrows Point High,197,*,>= 95.0,*,<= 5.0,127,64.5,*,<= 5.0,49,24.9,77,39.1,97,49.2,104,52.8,83,42.1,*,<= 5.0,107,54.3,102,51.8,20200715
2019,03,Baltimore County,1574,Chesapeake High,210,*,>= 95.0,*,<= 5.0,102,48.6,*,<= 5.0,59,28.1,17,8.1,62,29.5,63,30.0,13,6.2,15,7.1,44,21.0,32,15.2,20200715
2019,03,Baltimore County,1575,Eastern Technical High School,316,*,>= 95.0,*,<= 5.0,*,<= 5.0,*,<= 5.0,*,>= 95.0,198,62.7,211,66.8,281,88.9,144,45.6,*,<= 5.0,284,89.9,218,69.0,20200715
2019,03,Baltimore County,A,All Baltimore County Schools,7030,*,>= 95.0,*,<= 5.0,4208,59.9,*,<= 5.0,1562,22.2,1790,25.5,3372,48.0,3101,44.1,1332,18.9,*,<= 5.0,2991,42.5,2539,36.1,20200715
2019,04,Calvert,0113,Patuxent High,217,*,>= 95.0,*,<= 5.0,120,55.3,34,15.7,61,28.1,59,27.2,118,54.4,74,34.1,44,20.3,*,<= 5.0,87,40.1,84,38.7,20200715
2019,04,Calvert,0213,Calvert High,292,*,>= 95.0,*,<= 5.0,100,34.2,56,19.2,133,45.5,98,33.6,141,48.3,143,49.0,69,23.6,*,<= 5.0,126,43.2,142,48.6,20200715
2019,04,Calvert,0217,Huntingtown High School,347,*,>= 95.0,*,<= 5.0,175,50.4,38,11.0,134,38.6,136,39.2,206,59.4,159,45.8,87,25.1,*,<= 5.0,202,58.2,190,54.8,20200715
2019,04,Calvert,0314,Northern High,324,*,>= 95.0,*,<= 5.0,203,62.7,17,5.2,102,31.5,159,49.1,242,74.7,215,66.4,96,29.6,*,<= 5.0,182,56.2,215,66.4,20200715
2019,04,Calvert,A,All Calvert Schools,1180,*,>= 95.0,*,<= 5.0,598,50.7,145,12.3,430,36.4,452,38.3,707,59.9,591,50.1,296,25.1,*,<= 5.0,597,50.6,631,53.5,20200715
2019,05,Caroline,0703,North Caroline High School,234,*,>= 95.0,*,<= 5.0,118,50.4,40,17.1,69,29.5,14,6.0,40,17.1,25,10.7,13,5.6,*,<= 5.0,61,26.1,93,39.7,20200715
2019,05,Caroline,0801,Colonel Richardson High School,118,*,>= 95.0,*,<= 5.0,43,36.4,9,7.6,66,55.9,20,16.9,71,60.2,25,21.2,*,<= 5.0,*,<= 5.0,40,33.9,60,50.8,20200715
2019,05,Caroline,A,All Caroline Schools,352,*,>= 95.0,*,<= 5.0,161,45.7,49,13.9,135,38.4,34,9.7,111,31.5,50,14.2,*,<= 5.0,*,<= 5.0,101,28.7,153,43.5,20200715
2019,06,Carroll,0202,Francis Scott Key High,210,*,>= 95.0,*,<= 5.0,65,31.0,37,17.6,62,29.5,90,42.9,122,58.1,84,40.0,87,41.4,*,<= 5.0,127,60.5,125,59.5,20200715
2019,06,Carroll,0507,Liberty High,268,*,>= 95.0,*,<= 5.0,131,48.9,22,8.2,74,27.6,166,61.9,208,77.6,175,65.3,144,53.7,*,<= 5.0,206,76.9,195,72.8,20200715
2019,06,Carroll,0510,Century High,267,*,>= 95.0,*,<= 5.0,94,35.2,20,7.5,120,44.9,149,55.8,202,75.7,178,66.7,87,32.6,*,<= 5.0,213,79.8,189,70.8,20200715
2019,06,Carroll,0602,Manchester Valley High,284,*,>= 95.0,*,<= 5.0,97,34.2,39,13.7,93,32.7,145,51.1,185,65.1,173,60.9,115,40.5,22,7.7,189,66.5,179,63.0,20200715
2019,06,Carroll,0704,Winters Mill High,287,*,>= 95.0,*,<= 5.0,75,26.1,54,18.8,86,30.0,94,32.8,182,63.4,100,34.8,80,27.9,*,<= 5.0,161,56.1,177,61.7,20200715
2019,06,Carroll,0707,Westminster High,373,*,>= 95.0,*,<= 5.0,144,38.6,40,10.7,122,32.7,176,47.2,206,55.2,228,61.1,136,36.5,*,<= 5.0,265,71.0,246,66.0,20200715
2019,06,Carroll,0712,Carroll Springs School,*,*,*,*,*,*,*,*,*,*,*,*,*,*,*,*,*,*,*,*,*,*,*,*,*,20200715
2019,06,Carroll,0716,Gateway School,23,*,>= 95.0,*,<= 5.0,*,<= 5.0,6,26.1,*,<= 5.0,*,<= 5.0,*,<= 5.0,2,8.7,*,<= 5.0,2,8.7,*,<= 5.0,3,13.0,20200715
2019,06,Carroll,0717,Post Secondary Program,*,*,<= 5.0,*,>= 95.0,*,<= 5.0,*,<= 5.0,*,<= 5.0,*,<= 5.0,*,<= 5.0,*,<= 5.0,*,<= 5.0,*,<= 5.0,*,<= 5.0,*,<= 5.0,20200715
2019,06,Carroll,0903,Flexible Student Support,41,*,>= 95.0,*,<= 5.0,13,31.7,5,12.2,*,<= 5.0,*,<= 5.0,11,26.8,11,26.8,*,<= 5.0,*,<= 5.0,12,29.3,7,17.1,20200715
2019,06,Carroll,1401,South Carroll High,237,*,>= 95.0,*,<= 5.0,110,46.4,26,11.0,61,25.7,134,56.5,168,70.9,125,52.7,133,56.1,*,<= 5.0,171,72.2,163,68.8,20200715
2019,06,Carroll,A,All Carroll Schools,2003,*,>= 95.0,*,<= 5.0,729,36.4,249,12.4,619,30.9,956,47.7,1285,64.2,1076,53.7,783,39.1,*,<= 5.0,1344,67.1,1284,64.1,20200715
2019,07,Cecil,0204,Bohemia Manor High,155,*,>= 95.0,*,<= 5.0,113,72.9,11,7.1,13,8.4,37,23.9,79,51.0,70,45.2,36,23.2,9,5.8,9,5.8,82,52.9,20200715
2019,07,Cecil,0302,Elkton High,223,*,>= 95.0,*,<= 5.0,139,62.3,17,7.6,40,17.9,27,12.1,105,47.1,77,34.5,30,13.5,*,<= 5.0,*,<= 5.0,104,46.6,20200715
2019,07,Cecil,0514,North East High,225,*,>= 95.0,*,<= 5.0,107,47.6,29,12.9,56,24.9,77,34.2,139,61.8,116,51.6,50,22.2,12,5.3,93,41.3,124,55.1,20200715
2019,07,Cecil,0705,Perryville High,170,*,>= 95.0,*,<= 5.0,83,48.8,13,7.6,37,21.8,22,12.9,74,43.5,69,40.6,23,13.5,*,<= 5.0,*,<= 5.0,92,54.1,20200715
2019,07,Cecil,0905,Rising Sun High,260,*,>= 95.0,*,<= 5.0,140,53.8,45,17.3,57,21.9,36,13.8,128,49.2,116,44.6,37,14.2,*,<= 5.0,*,<= 5.0,144,55.4,20200715
2019,07,Cecil,A,All Cecil Schools,1033,*,>= 95.0,*,<= 5.0,582,56.3,115,11.1,203,19.7,199,19.3,525,50.8,448,43.4,176,17.0,*,<= 5.0,111,10.7,546,52.9,20200715
2019,08,Charles,0106,La Plata High School,262,*,>= 95.0,*,<= 5.0,157,59.9,*,<= 5.0,55,21.0,94,35.9,146,55.7,182,69.5,59,22.5,*,<= 5.0,113,43.1,150,57.3,20200715
2019,08,Charles,0108,Maurice J. McDonough High School,232,*,>= 95.0,*,<= 5.0,156,67.2,*,<= 5.0,29,12.5,52,22.4,139,59.9,108,46.6,26,11.2,*,<= 5.0,70,30.2,101,43.5,20200715
2019,08,Charles,0605,Thomas Stone High School,259,*,>= 95.0,*,<= 5.0,152,58.7,37,14.3,24,9.3,37,14.3,107,41.3,139,53.7,22,8.5,*,<= 5.0,41,15.8,73,28.2,20200715
2019,08,Charles,0619,Westlake High School,290,*,>= 95.0,*,<= 5.0,180,62.1,27,9.3,47,16.2,39,13.4,138,47.6,122,42.1,26,9.0,*,<= 5.0,52,17.9,98,33.8,20200715
2019,08,Charles,0623,North Point High School,392,*,>= 95.0,*,<= 5.0,188,48.0,*,<= 5.0,170,43.4,165,42.1,257,65.6,288,73.5,91,23.2,*,<= 5.0,206,52.6,229,58.4,20200715
2019,08,Charles,0802,St. Charles High School,321,*,>= 95.0,*,<= 5.0,223,69.5,*,<= 5.0,42,13.1,70,21.8,165,51.4,231,72.0,44,13.7,*,<= 5.0,63,19.6,126,39.3,20200715
2019,08,Charles,1002,Henry E. Lackey High School,241,*,>= 95.0,*,<= 5.0,150,62.2,34,14.1,31,12.9,25,10.4,94,39.0,142,58.9,22,9.1,*,<= 5.0,27,11.2,104,43.2,20200715
2019,08,Charles,A,All Charles Schools,1997,*,>= 95.0,*,<= 5.0,1206,60.4,144,7.2,398,19.9,482,24.1,1046,52.4,1212,60.7,290,14.5,*,<= 5.0,572,28.6,881,44.1,20200715
2019,09,Dorchester,0207,North Dorchester High School,109,*,>= 95.0,*,<= 5.0,33,30.3,36,33.0,12,11.0,28,25.7,82,75.2,35,32.1,*,<= 5.0,*,<= 5.0,53,48.6,66,60.6,20200715
2019,09,Dorchester,0713,Cambridge-South Dorchester High School,166,*,>= 95.0,*,<= 5.0,85,51.2,32,19.3,39,23.5,37,22.3,112,67.5,46,27.7,*,<= 5.0,9,5.4,55,33.1,85,51.2,20200715
2019,09,Dorchester,A,All Dorchester Schools,275,*,>= 95.0,*,<= 5.0,118,42.9,68,24.7,51,18.5,65,23.6,194,70.5,81,29.5,*,<= 5.0,*,<= 5.0,108,39.3,151,54.9,20200715
2019,10,Frederick,0208,Heather Ridge High School,*,*,*,*,*,*,*,*,*,*,*,*,*,*,*,*,*,*,*,*,*,*,*,*,*,20200715
2019,10,Frederick,0209,Frederick High,297,*,>= 95.0,*,<= 5.0,179,60.3,22,7.4,17,5.7,82,27.6,256,86.2,72,24.2,84,28.3,*,<= 5.0,108,36.4,163,54.9,20200715
2019,10,Frederick,0213,Gov. Thomas Johnson High,354,*,>= 95.0,*,<= 5.0,230,65.0,21,5.9,40,11.3,110,31.1,320,90.4,123,34.7,71,20.1,*,<= 5.0,150,42.4,210,59.3,20200715
2019,10,Frederick,0313,Middletown High,278,*,>= 95.0,*,<= 5.0,208,74.8,26,9.4,36,12.9,174,62.6,252,90.6,164,59.0,131,47.1,*,<= 5.0,208,74.8,229,82.4,20200715
2019,10,Frederick,0713,Urbana High,418,*,>= 95.0,*,<= 5.0,369,88.3,*,<= 5.0,22,5.3,285,68.2,*,>= 95.0,278,66.5,209,50.0,*,<= 5.0,341,81.6,354,84.7,20200715
2019,10,Frederick,0912,Linganore High,331,*,>= 95.0,*,<= 5.0,230,69.5,34,10.3,58,17.5,128,38.7,293,88.5,110,33.2,102,30.8,*,<= 5.0,217,65.6,239,72.2,20200715
2019,10,Frederick,0920,Oakdale High,329,*,>= 95.0,*,<= 5.0,254,77.2,*,<= 5.0,41,12.5,166,50.5,310,94.2,159,48.3,129,39.2,*,<= 5.0,233,70.8,249,75.7,20200715
2019,10,Frederick,1509,Catoctin High,185,*,>= 95.0,*,<= 5.0,102,55.1,46,24.9,29,15.7,50,27.0,132,71.4,43,23.2,43,23.2,*,<= 5.0,85,45.9,123,66.5,20200715
2019,10,Frederick,2307,Tuscarora High,377,*,>= 95.0,*,<= 5.0,270,71.6,*,<= 5.0,53,14.1,140,37.1,348,92.3,143,37.9,119,31.6,27,7.2,203,53.8,228,60.5,20200715
2019,10,Frederick,2404,Rock Creek School,*,*,*,*,*,*,*,*,*,*,*,*,*,*,*,*,*,*,*,*,*,*,*,*,*,20200715
2019,10,Frederick,2503,Brunswick High,168,*,>= 95.0,*,<= 5.0,115,68.5,31,18.5,14,8.3,59,35.1,135,80.4,66,39.3,56,33.3,*,<= 5.0,85,50.6,116,69.0,20200715
2019,10,Frederick,2610,Walkersville High,253,*,>= 95.0,*,<= 5.0,186,73.5,19,7.5,32,12.6,106,41.9,230,90.9,95,37.5,80,31.6,*,<= 5.0,136,53.8,160,63.2,20200715
2019,10,Frederick,A,All Frederick Schools,3000,*,>= 95.0,*,<= 5.0,2144,71.5,244,8.1,342,11.4,1300,43.3,2681,89.4,1253,41.8,1024,34.1,*,<= 5.0,1766,58.9,2071,69.0,20200715
2019,11,Garrett,0512,Northern Garrett High School,97,*,>= 95.0,*,<= 5.0,14,14.4,27,27.8,55,56.7,52,53.6,68,70.1,75,77.3,74,76.3,*,<= 5.0,42,43.3,60,61.9,20200715
2019,11,Garrett,0709,Southern Garrett High School,150,*,>= 95.0,*,<= 5.0,48,32.0,40,26.7,60,40.0,41,27.3,84,56.0,36,24.0,57,38.0,*,<= 5.0,48,32.0,72,48.0,20200715
2019,11,Garrett,A,All Garrett Schools,247,*,>= 95.0,*,<= 5.0,62,25.1,67,27.1,115,46.6,93,37.7,152,61.5,111,44.9,131,53.0,*,<= 5.0,90,36.4,132,53.4,20200715
2019,12,Harford,0176,Edgewood High,295,*,>= 95.0,*,<= 5.0,137,46.4,39,13.2,30,10.2,57,19.3,87,29.5,91,30.8,31,10.5,25,8.5,88,29.8,78,26.4,20200715
2019,12,Harford,0181,Joppatowne High,151,*,>= 95.0,*,<= 5.0,54,35.8,14,9.3,41,27.2,26,17.2,42,27.8,44,29.1,16,10.6,8,5.3,37,24.5,46,30.5,20200715
2019,12,Harford,0187,Patterson Mill High School,190,*,>= 95.0,*,<= 5.0,122,64.2,*,<= 5.0,39,20.5,84,44.2,126,66.3,136,71.6,56,29.5,24,12.6,108,56.8,101,53.2,20200715
2019,12,Harford,0270,Aberdeen High,287,*,>= 95.0,*,<= 5.0,136,47.4,36,12.5,49,17.1,88,30.7,110,38.3,151,52.6,82,28.6,*,<= 5.0,119,41.5,121,42.2,20200715
2019,12,Harford,0292,Center for Educational Opportunity,12,11,91.7,1,8.3,3,25.0,1,8.3,*,<= 5.0,2,16.7,2,16.7,2,16.7,2,16.7,2,16.7,2,16.7,2,16.7,20200715
2019,12,Harford,0304,Harford Technical High,224,*,>= 95.0,*,<= 5.0,*,<= 5.0,31,13.8,193,86.2,92,41.1,143,63.8,126,56.3,55,24.6,*,<= 5.0,121,54.0,135,60.3,20200715
2019,12,Harford,0373,Bel Air High,362,*,>= 95.0,*,<= 5.0,288,79.6,*,<= 5.0,*,<= 5.0,162,44.8,208,57.5,224,61.9,112,30.9,34,9.4,208,57.5,223,61.6,20200715
2019,12,Harford,0382,Fallston High,233,*,>= 95.0,*,<= 5.0,147,63.1,*,<= 5.0,46,19.7,117,50.2,133,57.1,145,62.2,92,39.5,41,17.6,144,61.8,126,54.1,20200715
2019,12,Harford,0385,C. Milton Wright High,340,*,>= 95.0,*,<= 5.0,204,60.0,*,<= 5.0,88,25.9,154,45.3,235,69.1,171,50.3,130,38.2,20,5.9,200,58.8,209,61.5,20200715
2019,12,Harford,0391,John Archer School,19,*,<= 5.0,*,>= 95.0,*,<= 5.0,*,<= 5.0,*,<= 5.0,*,<= 5.0,*,<= 5.0,*,<= 5.0,*,<= 5.0,*,<= 5.0,*,<= 5.0,9,47.4,20200715
2019,12,Harford,0580,North Harford High,273,*,>= 95.0,*,<= 5.0,137,50.2,45,16.5,83,30.4,116,42.5,165,60.4,142,52.0,101,37.0,*,<= 5.0,144,52.7,143,52.4,20200715
2019,12,Harford,0678,Havre de Grace High,135,*,>= 95.0,*,<= 5.0,57,42.2,12,8.9,37,27.4,37,27.4,44,32.6,61,45.2,13,9.6,26,19.3,52,38.5,55,40.7,20200715
2019,12,Harford,A,All Harford Schools,2521,*,>= 95.0,*,<= 5.0,1285,51.0,207,8.2,608,24.1,935,37.1,1295,51.4,1293,51.3,690,27.4,195,7.7,1223,48.5,1248,49.5,20200715
2019,13,Howard,0080,Homewood School,25,*,>= 95.0,*,<= 5.0,*,<= 5.0,10,40.0,*,<= 5.0,*,<= 5.0,3,12.0,2,8.0,*,<= 5.0,10,40.0,*,<= 5.0,3,12.0,20200715
2019,13,Howard,0203,Howard High,406,*,>= 95.0,*,<= 5.0,221,54.4,*,<= 5.0,64,15.8,245,60.3,282,69.5,232,57.1,163,40.1,254,62.6,305,75.1,255,62.8,20200715
2019,13,Howard,0207,Mount Hebron High,379,*,>= 95.0,*,<= 5.0,208,54.9,34,9.0,56,14.8,227,59.9,227,59.9,251,66.2,104,27.4,238,62.8,290,76.5,251,66.2,20200715
2019,13,Howard,0214,Centennial High,372,*,>= 95.0,*,<= 5.0,260,69.9,19,5.1,28,7.5,233,62.6,247,66.4,255,68.5,135,36.3,229,61.6,304,81.7,260,69.9,20200715
2019,13,Howard,0308,Marriotts Ridge High,343,*,>= 95.0,*,<= 5.0,245,71.4,*,<= 5.0,48,14.0,249,72.6,246,71.7,253,73.8,149,43.4,263,76.7,290,84.5,256,74.6,20200715
2019,13,Howard,0404,Glenelg High,292,*,>= 95.0,*,<= 5.0,192,65.8,17,5.8,44,15.1,208,71.2,206,70.5,215,73.6,130,44.5,171,58.6,241,82.5,223,76.4,20200715
2019,13,Howard,0509,Atholton High,377,*,>= 95.0,*,<= 5.0,222,58.9,*,<= 5.0,48,12.7,234,62.1,249,66.0,265,70.3,140,37.1,230,61.0,278,73.7,246,65.3,20200715
2019,13,Howard,0516,Wilde Lake High,292,*,>= 95.0,*,<= 5.0,114,39.0,35,12.0,*,<= 5.0,96,32.9,147,50.3,119,40.8,55,18.8,131,44.9,138,47.3,111,38.0,20200715
2019,13,Howard,0522,Cedar Lane Special Center,*,*,<= 5.0,*,>= 95.0,*,<= 5.0,*,<= 5.0,*,<= 5.0,*,<= 5.0,*,<= 5.0,*,<= 5.0,*,<= 5.0,*,<= 5.0,*,<= 5.0,*,>= 95.0,20200715
2019,13,Howard,0524,River Hill High,282,*,>= 95.0,*,<= 5.0,197,69.9,*,<= 5.0,30,10.6,204,72.3,204,72.3,228,80.9,122,43.3,185,65.6,254,90.1,215,76.2,20200715
2019,13,Howard,0527,Reservoir High,368,*,>= 95.0,*,<= 5.0,167,45.4,*,<= 5.0,47,12.8,171,46.5,235,63.9,204,55.4,104,28.3,170,46.2,223,60.6,188,51.1,20200715
2019,13,Howard,0611,Oakland Mills High,233,*,>= 95.0,*,<= 5.0,90,38.6,19,8.2,*,<= 5.0,70,30.0,108,46.4,74,31.8,21,9.0,108,46.4,98,42.1,98,42.1,20200715
2019,13,Howard,0619,Hammond High,308,*,>= 95.0,*,<= 5.0,111,36.0,51,16.6,21,6.8,105,34.1,136,44.2,125,40.6,63,20.5,193,62.7,148,48.1,125,40.6,20200715
2019,13,Howard,0623,Long Reach High,364,*,>= 95.0,*,<= 5.0,141,38.7,49,13.5,35,9.6,140,38.5,198,54.4,186,51.1,74,20.3,229,62.9,174,47.8,153,42.0,20200715
2019,13,Howard,A,All Howard Schools,4051,*,>= 95.0,*,<= 5.0,2169,53.5,316,7.8,442,10.9,2183,53.9,2488,61.4,2409,59.5,1260,31.1,2411,59.5,2743,67.7,2394,59.1,20200715
2019,14,Kent,0301,Kent County High,116,*,>= 95.0,*,<= 5.0,30,25.9,14,12.1,72,62.1,33,28.4,63,54.3,42,36.2,36,31.0,*,<= 5.0,36,31.0,52,44.8,20200715
2019,14,Kent,A,All Kent Schools,116,*,>= 95.0,*,<= 5.0,30,25.9,14,12.1,72,62.1,33,28.4,63,54.3,42,36.2,36,31.0,*,<= 5.0,36,31.0,52,44.8,20200715
2019,15,Montgomery,0104,Seneca Valley High,236,*,>= 95.0,*,<= 5.0,102,43.2,29,12.3,*,<= 5.0,60,25.4,126,53.4,76,32.2,50,21.2,*,<= 5.0,93,39.4,128,54.2,20200715
2019,15,Montgomery,0125,Quince Orchard High,480,*,>= 95.0,*,<= 5.0,280,58.3,*,<= 5.0,36,7.5,224,46.7,347,72.3,260,54.2,165,34.4,*,<= 5.0,284,59.2,303,63.1,20200715
2019,15,Montgomery,0152,Poolesville High,295,*,>= 95.0,*,<= 5.0,209,70.8,16,5.4,42,14.2,226,76.6,241,81.7,233,79.0,189,64.1,*,<= 5.0,243,82.4,268,90.8,20200715
2019,15,Montgomery,0201,Richard Montgomery High,557,*,>= 95.0,*,<= 5.0,370,66.4,*,<= 5.0,*,<= 5.0,325,58.3,395,70.9,323,58.0,266,47.8,*,<= 5.0,407,73.1,400,71.8,20200715
2019,15,Montgomery,0230,Rockville High,331,*,>= 95.0,*,<= 5.0,178,53.8,27,8.2,29,8.8,123,37.2,210,63.4,166,50.2,67,20.2,*,<= 5.0,169,51.1,179,54.1,20200715
2019,15,Montgomery,0234,Thomas S. Wootton High,535,*,>= 95.0,*,<= 5.0,426,79.6,*,<= 5.0,40,7.5,392,73.3,449,83.9,404,75.5,330,61.7,*,<= 5.0,481,89.9,443,82.8,20200715
2019,15,Montgomery,0239,Alternative Programs,35,33,94.3,2,5.7,4,11.4,*,<= 5.0,*,<= 5.0,*,<= 5.0,2,5.7,*,<= 5.0,*,<= 5.0,*,<= 5.0,*,<= 5.0,*,<= 5.0,20200715
2019,15,Montgomery,0246,Northwest High,590,*,>= 95.0,*,<= 5.0,372,63.1,*,<= 5.0,63,10.7,264,44.7,392,66.4,299,50.7,199,33.7,*,<= 5.0,390,66.1,387,65.6,20200715
2019,15,Montgomery,0249,Clarksburg High,497,*,>= 95.0,*,<= 5.0,315,63.4,*,<= 5.0,*,<= 5.0,201,40.4,319,64.2,238,47.9,170,34.2,*,<= 5.0,291,58.6,287,57.7,20200715
2019,15,Montgomery,0315,Paint Branch High,469,*,>= 95.0,*,<= 5.0,258,55.0,*,<= 5.0,41,8.7,150,32.0,285,60.8,184,39.2,130,27.7,*,<= 5.0,265,56.5,256,54.6,20200715
2019,15,Montgomery,0321,James Hubert Blake High,363,*,>= 95.0,*,<= 5.0,239,65.8,*,<= 5.0,*,<= 5.0,121,33.3,220,60.6,140,38.6,74,20.4,*,<= 5.0,191,52.6,194,53.4,20200715
2019,15,Montgomery,0406,Bethesda-Chevy Chase High,498,*,>= 95.0,*,<= 5.0,361,72.5,*,<= 5.0,*,<= 5.0,274,55.0,358,71.9,279,56.0,172,34.5,*,<= 5.0,400,80.3,368,73.9,20200715
2019,15,Montgomery,0424,Walter Johnson High,574,*,>= 95.0,*,<= 5.0,398,69.3,*,<= 5.0,*,<= 5.0,307,53.5,397,69.2,338,58.9,208,36.2,*,<= 5.0,463,80.7,419,73.0,20200715
2019,15,Montgomery,0427,Walt Whitman High,509,*,>= 95.0,*,<= 5.0,421,82.7,*,<= 5.0,*,<= 5.0,379,74.5,442,86.8,398,78.2,270,53.0,*,<= 5.0,459,90.2,429,84.3,20200715
2019,15,Montgomery,0503,Sherwood High,467,*,>= 95.0,*,<= 5.0,287,61.5,25,5.4,51,10.9,231,49.5,313,67.0,239,51.2,189,40.5,*,<= 5.0,300,64.2,328,70.2,20200715
2019,15,Montgomery,0510,Col. Zadok Magruder High,372,*,>= 95.0,*,<= 5.0,205,55.1,36,9.7,44,11.8,101,27.2,168,45.2,146,39.2,82,22.0,*,<= 5.0,194,52.2,187,50.3,20200715
2019,15,Montgomery,0525,MCPS Transitions School,26,*,<= 5.0,*,>= 95.0,*,<= 5.0,*,<= 5.0,*,<= 5.0,*,<= 5.0,*,<= 5.0,*,<= 5.0,*,<= 5.0,*,<= 5.0,*,<= 5.0,17,65.4,20200715
2019,15,Montgomery,0545,Watkins Mill High,349,*,>= 95.0,*,<= 5.0,143,41.0,*,<= 5.0,37,10.6,84,24.1,202,57.9,121,34.7,66,18.9,*,<= 5.0,105,30.1,165,47.3,20200715
2019,15,Montgomery,0551,Gaithersburg High,538,*,>= 95.0,*,<= 5.0,241,44.8,45,8.4,81,15.1,152,28.3,317,58.9,242,45.0,102,19.0,*,<= 5.0,197,36.6,279,51.9,20200715
2019,15,Montgomery,0602,Winston Churchill High,559,*,>= 95.0,*,<= 5.0,480,85.9,*,<= 5.0,*,<= 5.0,396,70.8,466,83.4,396,70.8,301,53.8,*,<= 5.0,501,89.6,491,87.8,20200715
2019,15,Montgomery,0701,Damascus High,295,*,>= 95.0,*,<= 5.0,205,69.5,*,<= 5.0,30,10.2,131,44.4,179,60.7,153,51.9,93,31.5,*,<= 5.0,208,70.5,203,68.8,20200715
2019,15,Montgomery,0757,Montgomery Blair High,693,*,>= 95.0,*,<= 5.0,441,63.6,*,<= 5.0,*,<= 5.0,303,43.7,437,63.1,377,54.4,201,29.0,*,<= 5.0,407,58.7,425,61.3,20200715
2019,15,Montgomery,0782,Wheaton High,426,*,>= 95.0,*,<= 5.0,84,19.7,35,8.2,203,47.7,155,36.4,244,57.3,209,49.1,126,29.6,*,<= 5.0,210,49.3,224,52.6,20200715
2019,15,Montgomery,0789,Albert Einstein High,389,*,>= 95.0,*,<= 5.0,219,56.3,23,5.9,*,<= 5.0,125,32.1,230,59.1,169,43.4,78,20.1,*,<= 5.0,173,44.5,214,55.0,20200715
2019,15,Montgomery,0796,Northwood High,351,*,>= 95.0,*,<= 5.0,166,47.3,21,6.0,*,<= 5.0,76,21.7,190,54.1,110,31.3,54,15.4,*,<= 5.0,127,36.2,197,56.1,20200715
2019,15,Montgomery,0798,Springbrook High,402,*,>= 95.0,*,<= 5.0,223,55.5,*,<= 5.0,27,6.7,134,33.3,249,61.9,170,42.3,79,19.7,*,<= 5.0,189,47.0,195,48.5,20200715
2019,15,Montgomery,0799,Stephen Knolls School,*,*,*,*,*,*,*,*,*,*,*,*,*,*,*,*,*,*,*,*,*,*,*,*,*,20200715
2019,15,Montgomery,0815,John F. Kennedy High,376,*,>= 95.0,*,<= 5.0,67,17.8,43,11.4,31,8.2,47,12.5,189,50.3,66,17.6,40,10.6,*,<= 5.0,96,25.5,166,44.1,20200715
2019,15,Montgomery,0916,Rock Terrace School,10,*,<= 5.0,*,>= 95.0,*,<= 5.0,*,<= 5.0,*,<= 5.0,*,<= 5.0,*,<= 5.0,*,<= 5.0,*,<= 5.0,*,<= 5.0,*,<= 5.0,5,50.0,20200715
2019,15,Montgomery,0951,Longview School,*,*,*,*,*,*,*,*,*,*,*,*,*,*,*,*,*,*,*,*,*,*,*,*,*,20200715
2019,15,Montgomery,0965,John L Gildner Regional Inst for Children & Adol,*,*,*,*,*,*,*,*,*,*,*,*,*,*,*,*,*,*,*,*,*,*,*,*,*,20200715
2019,15,Montgomery,A,All Montgomery Schools,11238,*,>= 95.0,*,<= 5.0,6694,59.6,*,<= 5.0,855,7.6,4981,44.3,7367,65.6,5736,51.0,3701,32.9,*,<= 5.0,6845,60.9,7158,63.7,20200715
2019,16,Prince George's,0102,High Point High,453,*,>= 95.0,*,<= 5.0,*,<= 5.0,56,12.4,*,<= 5.0,83,18.3,330,72.8,171,37.7,125,27.6,*,<= 5.0,65,14.3,152,33.6,20200715
2019,16,Prince George's,0108,James E. Duckworth Regional Center,*,*,*,*,*,*,*,*,*,*,*,*,*,*,*,*,*,*,*,*,*,*,*,*,*,20200715
2019,16,Prince George's,0208,Bladensburg High,310,*,>= 95.0,*,<= 5.0,*,<= 5.0,106,34.2,*,<= 5.0,46,14.8,230,74.2,98,31.6,74,23.9,*,<= 5.0,36,11.6,83,26.8,20200715
2019,16,Prince George's,0303,Croom High,86,*,>= 95.0,*,<= 5.0,*,<= 5.0,*,<= 5.0,*,<= 5.0,*,<= 5.0,32,37.2,8,9.3,6,7.0,7,8.1,*,<= 5.0,*,<= 5.0,20200715
2019,16,Prince George's,0511,Friendly High,189,*,>= 95.0,*,<= 5.0,*,<= 5.0,60,31.7,*,<= 5.0,28,14.8,97,51.3,40,21.2,33,17.5,*,<= 5.0,19,10.1,37,19.6,20200715
2019,16,Prince George's,0603,Suitland High,405,*,>= 95.0,*,<= 5.0,30,7.4,140,34.6,*,<= 5.0,87,21.5,258,63.7,127,31.4,128,31.6,*,<= 5.0,58,14.3,139,34.3,20200715
2019,16,Prince George's,0705,Tall Oaks High,54,*,>= 95.0,*,<= 5.0,*,<= 5.0,4,7.4,*,<= 5.0,*,<= 5.0,5,9.3,5,9.3,5,9.3,*,<= 5.0,*,<= 5.0,*,<= 5.0,20200715
2019,16,Prince George's,0723,C. Elizabeth Rieg Regional Center,*,*,*,*,*,*,*,*,*,*,*,*,*,*,*,*,*,*,*,*,*,*,*,*,*,20200715
2019,16,Prince George's,0908,Surrattsville High,171,*,>= 95.0,*,<= 5.0,*,<= 5.0,24,14.0,*,<= 5.0,22,12.9,93,54.4,46,26.9,31,18.1,*,<= 5.0,17,9.9,42,24.6,20200715
2019,16,Prince George's,1008,Laurel High,355,*,>= 95.0,*,<= 5.0,*,<= 5.0,99,27.9,*,<= 5.0,97,27.3,260,73.2,154,43.4,116,32.7,*,<= 5.0,76,21.4,127,35.8,20200715
2019,16,Prince George's,1015,Chesapeake Math and IT Public Charter,56,*,>= 95.0,*,<= 5.0,8,14.3,*,<= 5.0,*,<= 5.0,35,62.5,52,92.9,49,87.5,35,62.5,*,<= 5.0,33,58.9,37,66.1,20200715
2019,16,Prince George's,1103,Gwynn Park High,227,*,>= 95.0,*,<= 5.0,*,<= 5.0,61,26.9,*,<= 5.0,27,11.9,148,65.2,67,29.5,38,16.7,*,<= 5.0,36,15.9,63,27.8,20200715
2019,16,Prince George's,1209,Oxon Hill High,360,*,>= 95.0,*,<= 5.0,72,20.0,49,13.6,*,<= 5.0,170,47.2,274,76.1,207,57.5,187,51.9,79,21.9,140,38.9,182,50.6,20200715
2019,16,Prince George's,1217,Crossland High,184,*,>= 95.0,*,<= 5.0,*,<= 5.0,77,41.8,*,<= 5.0,19,10.3,102,55.4,56,30.4,32,17.4,*,<= 5.0,*,<= 5.0,45,24.5,20200715
2019,16,Prince George's,1220,Potomac High,252,*,>= 95.0,*,<= 5.0,*,<= 5.0,33,13.1,*,<= 5.0,30,11.9,179,71.0,59,23.4,38,15.1,*,<= 5.0,23,9.1,54,21.4,20200715
2019,16,Prince George's,1314,Largo High,192,*,>= 95.0,*,<= 5.0,*,<= 5.0,39,20.3,*,<= 5.0,46,24.0,112,58.3,62,32.3,60,31.3,26,13.5,45,23.4,62,32.3,20200715
2019,16,Prince George's,1327,Charles Herbert Flowers High,481,*,>= 95.0,*,<= 5.0,56,11.6,108,22.5,*,<= 5.0,194,40.3,366,76.1,236,49.1,238,49.5,40,8.3,179,37.2,227,47.2,20200715
2019,16,Prince George's,1350,Academy of Health Sciences at PGCC,105,*,>= 95.0,*,<= 5.0,*,<= 5.0,*,<= 5.0,*,<= 5.0,96,91.4,*,>= 95.0,93,88.6,94,89.5,*,<= 5.0,95,90.5,99,94.3,20200715
2019,16,Prince George's,1352,International High school @ Largo,74,*,>= 95.0,*,<= 5.0,*,<= 5.0,*,<= 5.0,*,<= 5.0,*,<= 5.0,56,75.7,36,48.6,*,<= 5.0,*,<= 5.0,*,<= 5.0,26,35.1,20200715
2019,16,Prince George's,1409,Duval High,384,*,>= 95.0,*,<= 5.0,*,<= 5.0,76,19.8,*,<= 5.0,99,25.8,276,71.9,145,37.8,153,39.8,*,<= 5.0,79,20.6,129,33.6,20200715
2019,16,Prince George's,1423,Bowie High,568,*,>= 95.0,*,<= 5.0,*,<= 5.0,68,12.0,*,<= 5.0,194,34.2,393,69.2,239,42.1,229,40.3,*,<= 5.0,203,35.7,241,42.4,20200715
2019,16,Prince George's,1502,Frederick Douglass High,227,*,>= 95.0,*,<= 5.0,*,<= 5.0,12,5.3,*,<= 5.0,52,22.9,138,60.8,72,31.7,89,39.2,*,<= 5.0,48,21.1,84,37.0,20200715
2019,16,Prince George's,1519,"Dr. Henry A. Wise, Jr. High",541,*,>= 95.0,*,<= 5.0,*,<= 5.0,160,29.6,*,<= 5.0,116,21.4,353,65.2,200,37.0,166,30.7,*,<= 5.0,97,17.9,151,27.9,20200715
2019,16,Prince George's,1708,Northwestern High,415,*,>= 95.0,*,<= 5.0,*,<= 5.0,64,15.4,*,<= 5.0,70,16.9,334,80.5,143,34.5,89,21.4,*,<= 5.0,61,14.7,117,28.2,20200715
2019,16,Prince George's,1732,International High School @ Langley Park,68,*,>= 95.0,*,<= 5.0,*,<= 5.0,*,<= 5.0,*,<= 5.0,8,11.8,51,75.0,38,55.9,12,17.6,*,<= 5.0,*,<= 5.0,31,45.6,20200715
2019,16,Prince George's,1806,Fairmont Heights High,138,130,94.2,8,5.8,*,<= 5.0,17,12.3,*,<= 5.0,22,15.9,67,48.6,40,29.0,45,32.6,*,<= 5.0,18,13.0,34,24.6,20200715
2019,16,Prince George's,1810,Central High,205,*,>= 95.0,*,<= 5.0,*,<= 5.0,*,<= 5.0,*,<= 5.0,33,16.1,147,71.7,78,38.0,37,18.0,*,<= 5.0,25,12.2,64,31.2,20200715
2019,16,Prince George's,1909,Parkdale High,469,*,>= 95.0,*,<= 5.0,*,<= 5.0,74,15.8,*,<= 5.0,97,20.7,286,61.0,187,39.9,103,22.0,*,<= 5.0,82,17.5,167,35.6,20200715
2019,16,Prince George's,2114,Eleanor Roosevelt High,629,*,>= 95.0,*,<= 5.0,112,17.8,32,5.1,*,<= 5.0,325,51.7,483,76.8,384,61.0,298,47.4,*,<= 5.0,364,57.9,352,56.0,20200715
2019,16,Prince George's,2142,College Park Academy,82,*,>= 95.0,*,<= 5.0,6,7.3,*,<= 5.0,*,<= 5.0,34,41.5,44,53.7,51,62.2,42,51.2,*,<= 5.0,32,39.0,46,56.1,20200715
2019,16,Prince George's,2211,Northwestern Evening/Saturday High,99,*,>= 95.0,*,<= 5.0,*,<= 5.0,*,<= 5.0,*,<= 5.0,*,<= 5.0,46,46.5,16,16.2,*,<= 5.0,*,<= 5.0,*,<= 5.0,5,5.1,20200715
2019,16,Prince George's,2213,Crossland Evening/Saturday High,103,*,>= 95.0,*,<= 5.0,*,<= 5.0,7,6.8,*,<= 5.0,*,<= 5.0,37,35.9,18,17.5,*,<= 5.0,*,<= 5.0,*,<= 5.0,*,<= 5.0,20200715
2019,16,Prince George's,2220,Community Based Classrooms,76,*,>= 95.0,*,<= 5.0,*,<= 5.0,*,<= 5.0,*,<= 5.0,*,<= 5.0,24,31.6,5,6.6,*,<= 5.0,6,7.9,*,<= 5.0,*,<= 5.0,20200715
2019,16,Prince George's,A,All Prince George's Schools,7966,*,>= 95.0,*,<= 5.0,*,<= 5.0,1382,17.3,*,<= 5.0,2034,25.5,5377,67.5,3130,39.3,2507,31.5,*,<= 5.0,1847,23.2,2802,35.2,20200715
2019,17,Queen Anne's,0301,Queen Anne's County High School,255,*,>= 95.0,*,<= 5.0,125,49.0,49,19.2,*,<= 5.0,104,40.8,168,65.9,123,48.2,90,35.3,14,5.5,120,47.1,142,55.7,20200715
2019,17,Queen Anne's,0405,Kent Island High School,266,*,>= 95.0,*,<= 5.0,118,44.4,36,13.5,*,<= 5.0,128,48.1,164,61.7,150,56.4,113,42.5,25,9.4,149,56.0,183,68.8,20200715
2019,17,Queen Anne's,A,All Queen Anne's Schools,521,*,>= 95.0,*,<= 5.0,243,46.6,85,16.3,*,<= 5.0,232,44.5,332,63.7,273,52.4,203,39.0,39,7.5,269,51.6,325,62.4,20200715
2019,18,Saint Mary's,0303,Chopticon High,401,*,>= 95.0,*,<= 5.0,196,48.9,162,40.4,36,9.0,104,25.9,146,36.4,130,32.4,77,19.2,*,<= 5.0,175,43.6,194,48.4,20200715
2019,18,Saint Mary's,0306,Leonardtown High,403,*,>= 95.0,*,<= 5.0,238,59.1,98,24.3,63,15.6,186,46.2,246,61.0,227,56.3,138,34.2,*,<= 5.0,237,58.8,247,61.3,20200715
2019,18,Saint Mary's,0801,Great Mills High,413,*,>= 95.0,*,<= 5.0,209,50.6,137,33.2,60,14.5,101,24.5,144,34.9,127,30.8,77,18.6,*,<= 5.0,149,36.1,187,45.3,20200715
2019,18,Saint Mary's,A,All Saint Mary's Schools,1217,*,>= 95.0,*,<= 5.0,643,52.8,397,32.6,159,13.1,391,32.1,536,44.0,484,39.8,292,24.0,*,<= 5.0,561,46.1,628,51.6,20200715
2019,19,Somerset,0102,Washington Academy and High School,91,*,>= 95.0,*,<= 5.0,25,27.5,31,34.1,24,26.4,15,16.5,35,38.5,23,25.3,26,28.6,11,12.1,18,19.8,27,29.7,20200715
2019,19,Somerset,0702,Crisfield Academy and High School,63,*,>= 95.0,*,<= 5.0,19,30.2,22,34.9,8,12.7,14,22.2,24,38.1,14,22.2,17,27.0,4,6.3,14,22.2,34,54.0,20200715
2019,19,Somerset,A,All Somerset Schools,154,*,>= 95.0,*,<= 5.0,44,28.6,53,34.4,32,20.8,29,18.8,59,38.3,37,24.0,43,27.9,15,9.7,32,20.8,61,39.6,20200715
2019,20,Talbot,0101,Easton High,282,*,>= 95.0,*,<= 5.0,75,26.6,61,21.6,73,25.9,94,33.3,155,55.0,129,45.7,73,25.9,*,<= 5.0,115,40.8,135,47.9,20200715
2019,20,Talbot,0202,St. Michaels Middle/High School,52,*,>= 95.0,*,<= 5.0,11,21.2,14,26.9,16,30.8,20,38.5,30,57.7,25,48.1,10,19.2,*,<= 5.0,22,42.3,31,59.6,20200715
2019,20,Talbot,A,All Talbot Schools,334,*,>= 95.0,*,<= 5.0,86,25.7,75,22.5,89,26.6,114,34.1,185,55.4,154,46.1,83,24.9,*,<= 5.0,137,41.0,166,49.7,20200715
2019,21,Washington,0040,Barbara Ingram School for the Arts,66,*,>= 95.0,*,<= 5.0,49,74.2,*,<= 5.0,*,<= 5.0,31,47.0,27,40.9,60,90.9,13,19.7,*,<= 5.0,54,81.8,56,84.8,20200715
2019,21,Washington,0204,Williamsport High,188,*,>= 95.0,*,<= 5.0,68,36.2,40,21.3,25,13.3,13,6.9,29,15.4,75,39.9,*,<= 5.0,*,<= 5.0,55,29.3,86,45.7,20200715
2019,21,Washington,0301,South Hagerstown High,245,*,>= 95.0,*,<= 5.0,121,49.4,29,11.8,35,14.3,20,8.2,43,17.6,62,25.3,13,5.3,*,<= 5.0,53,21.6,99,40.4,20200715
2019,21,Washington,0305,Washington County Technical High,272,*,>= 95.0,*,<= 5.0,*,<= 5.0,136,50.0,126,46.3,55,20.2,*,<= 5.0,140,51.5,*,<= 5.0,152,55.9,71,26.1,177,65.1,20200715
2019,21,Washington,0403,Clear Spring High,82,*,>= 95.0,*,<= 5.0,13,15.9,32,39.0,17,20.7,*,<= 5.0,*,<= 5.0,40,48.8,*,<= 5.0,*,<= 5.0,26,31.7,38,46.3,20200715
2019,21,Washington,0501,Hancock Middle Senior High,33,*,>= 95.0,*,<= 5.0,2,6.1,25,75.8,4,12.1,2,6.1,4,12.1,9,27.3,2,6.1,*,<= 5.0,11,33.3,18,54.5,20200715
2019,21,Washington,0601,Boonsboro High,206,*,>= 95.0,*,<= 5.0,79,38.3,59,28.6,38,18.4,32,15.5,45,21.8,107,51.9,21,10.2,*,<= 5.0,97,47.1,118,57.3,20200715
2019,21,Washington,0701,Smithsburg High,171,*,>= 95.0,*,<= 5.0,78,45.6,19,11.1,21,12.3,34,19.9,45,26.3,95,55.6,11,6.4,*,<= 5.0,73,42.7,90,52.6,20200715
2019,21,Washington,0705,Washington County Job Development Center,*,*,<= 5.0,*,>= 95.0,*,<= 5.0,*,<= 5.0,*,<= 5.0,*,<= 5.0,*,<= 5.0,*,<= 5.0,*,<= 5.0,*,<= 5.0,*,<= 5.0,*,<= 5.0,20200715
2019,21,Washington,2101,North Hagerstown High,301,*,>= 95.0,*,<= 5.0,141,46.8,78,25.9,*,<= 5.0,47,15.6,85,28.2,132,43.9,*,<= 5.0,*,<= 5.0,104,34.6,150,49.8,20200715
2019,21,Washington,2505,Marshall Street School,*,*,*,*,*,*,*,*,*,*,*,*,*,*,*,*,*,*,*,*,*,*,*,*,*,20200715
2019,21,Washington,A,All Washington Schools,1584,*,>= 95.0,*,<= 5.0,552,34.8,418,26.4,278,17.6,235,14.8,286,18.1,720,45.5,86,5.4,157,9.9,544,34.3,832,52.5,20200715
2019,22,Wicomico,0102,Mardela Middle & High,98,*,>= 95.0,*,<= 5.0,48,49.0,17,17.3,23,23.5,22,22.4,62,63.3,40,40.8,*,<= 5.0,*,<= 5.0,43,43.9,54,55.1,20200715
2019,22,Wicomico,0513,Wicomico High,200,*,>= 95.0,*,<= 5.0,100,50.0,*,<= 5.0,31,15.5,35,17.5,101,50.5,70,35.0,20,10.0,11,5.5,43,21.5,73,36.5,20200715
2019,22,Wicomico,0520,Wicomico County Evening High,33,*,>= 95.0,*,<= 5.0,2,6.1,5,15.2,*,<= 5.0,*,<= 5.0,2,6.1,*,<= 5.0,*,<= 5.0,*,<= 5.0,*,<= 5.0,*,<= 5.0,20200715
2019,22,Wicomico,1307,James M. Bennett High,323,*,>= 95.0,*,<= 5.0,168,52.0,21,6.5,26,8.0,106,32.8,179,55.4,134,41.5,42,13.0,*,<= 5.0,151,46.7,160,49.5,20200715
2019,22,Wicomico,1309,Parkside High,263,*,>= 95.0,*,<= 5.0,119,45.2,43,16.3,45,17.1,76,28.9,148,56.3,113,43.0,25,9.5,*,<= 5.0,101,38.4,123,46.8,20200715
2019,22,Wicomico,A,All Wicomico Schools,917,*,>= 95.0,*,<= 5.0,437,47.7,96,10.5,125,13.6,239,26.1,492,53.7,358,39.0,88,9.6,*,<= 5.0,339,37.0,410,44.7,20200715
2019,23,Worcester,0107,Pocomoke High,73,*,>= 95.0,*,<= 5.0,29,39.7,28,38.4,9,12.3,*,<= 5.0,*,<= 5.0,*,<= 5.0,*,<= 5.0,*,<= 5.0,29,39.7,32,43.8,20200715
2019,23,Worcester,0207,Snow Hill High,81,*,>= 95.0,*,<= 5.0,32,39.5,21,25.9,27,33.3,6,7.4,9,11.1,7,8.6,9,11.1,*,<= 5.0,42,51.9,43,53.1,20200715
2019,23,Worcester,0310,Stephen Decatur High,361,*,>= 95.0,*,<= 5.0,177,49.0,73,20.2,84,23.3,56,15.5,107,29.6,*,<= 5.0,111,30.7,*,<= 5.0,190,52.6,198,54.8,20200715
2019,23,Worcester,0401,Cedar Chapel Special School,*,*,*,*,*,*,*,*,*,*,*,*,*,*,*,*,*,*,*,*,*,*,*,*,*,20200715
2019,23,Worcester,A,All Worcester Schools,519,*,>= 95.0,*,<= 5.0,238,45.9,122,23.5,120,23.1,62,11.9,116,22.4,*,<= 5.0,120,23.1,*,<= 5.0,261,50.3,273,52.6,20200715
2019,30,Baltimore City,0177,George W. F. McMechen High,*,*,*,*,*,*,*,*,*,*,*,*,*,*,*,*,*,*,*,*,*,*,*,*,*,20200715
2019,30,Baltimore City,0178,Excel Academy at Francis M. Wood High,79,*,>= 95.0,*,<= 5.0,52,65.8,26,32.9,*,<= 5.0,*,<= 5.0,4,5.1,27,34.2,*,<= 5.0,*,<= 5.0,*,<= 5.0,*,<= 5.0,20200715
2019,30,Baltimore City,0239,Benjamin Franklin High School at Masonville Cove,61,*,>= 95.0,*,<= 5.0,42,68.9,*,<= 5.0,15,24.6,*,<= 5.0,20,32.8,24,39.3,4,6.6,*,<= 5.0,4,6.6,12,19.7,20200715
2019,30,Baltimore City,0301,William S. Baer School,*,*,*,*,*,*,*,*,*,*,*,*,*,*,*,*,*,*,*,*,*,*,*,*,*,20200715
2019,30,Baltimore City,0307,Claremont School,*,*,*,*,*,*,*,*,*,*,*,*,*,*,*,*,*,*,*,*,*,*,*,*,*,20200715
2019,30,Baltimore City,0325,ConneXions: A  Community Based Arts School,33,27,81.8,6,18.2,28,84.8,*,<= 5.0,*,<= 5.0,*,<= 5.0,8,24.2,17,51.5,*,<= 5.0,*,<= 5.0,*,<= 5.0,10,30.3,20200715
2019,30,Baltimore City,0333,Independence School Local I,29,*,>= 95.0,*,<= 5.0,*,>= 95.0,*,<= 5.0,*,<= 5.0,2,6.9,15,51.7,16,55.2,*,<= 5.0,*,<= 5.0,3,10.3,5,17.2,20200715
2019,30,Baltimore City,0341,The Reach! Partnership School,97,*,>= 95.0,*,<= 5.0,47,48.5,*,<= 5.0,45,46.4,*,<= 5.0,19,19.6,26,26.8,*,<= 5.0,*,<= 5.0,*,<= 5.0,8,8.2,20200715
2019,30,Baltimore City,0345,Joseph C. Briscoe Academy,*,*,*,*,*,*,*,*,*,*,*,*,*,*,*,*,*,*,*,*,*,*,*,*,*,20200715
2019,30,Baltimore City,0348,Baltimore Leadership School for Young Women,46,*,>= 95.0,*,<= 5.0,*,>= 95.0,*,<= 5.0,*,<= 5.0,4,8.7,34,73.9,12,26.1,3,6.5,*,<= 5.0,9,19.6,12,26.1,20200715
2019,30,Baltimore City,0349,N.A.C.A. Freedom and Democracy Academy II,35,*,>= 95.0,*,<= 5.0,*,>= 95.0,*,<= 5.0,*,<= 5.0,*,<= 5.0,7,20.0,11,31.4,*,<= 5.0,*,<= 5.0,*,<= 5.0,*,<= 5.0,20200715
2019,30,Baltimore City,0362,Bard High School Early College,75,*,>= 95.0,*,<= 5.0,*,>= 95.0,*,<= 5.0,*,<= 5.0,24,32.0,40,53.3,38,50.7,14,18.7,*,<= 5.0,33,44.0,27,36.0,20200715
2019,30,Baltimore City,0364,Bluford Drew Jemison STEM Academy West,13,*,>= 95.0,*,<= 5.0,12,92.3,1,7.7,*,<= 5.0,*,<= 5.0,4,30.8,9,69.2,*,<= 5.0,*,<= 5.0,*,<= 5.0,*,<= 5.0,20200715
2019,30,Baltimore City,0376,City Neighbors High,90,*,>= 95.0,*,<= 5.0,*,>= 95.0,*,<= 5.0,*,<= 5.0,*,<= 5.0,34,37.8,37,41.1,*,<= 5.0,*,<= 5.0,*,<= 5.0,17,18.9,20200715
2019,30,Baltimore City,0377,Green Street Academy,88,*,>= 95.0,*,<= 5.0,54,61.4,12,13.6,21,23.9,7,8.0,31,35.2,82,93.2,9,10.2,*,<= 5.0,6,6.8,12,13.6,20200715
2019,30,Baltimore City,0382,Baltimore Design School,59,*,>= 95.0,*,<= 5.0,22,37.3,*,<= 5.0,37,62.7,19,32.2,36,61.0,50,84.7,18,30.5,*,<= 5.0,14,23.7,22,37.3,20200715
2019,30,Baltimore City,0400,Edmondson-Westside High,201,188,93.5,13,6.5,32,15.9,*,<= 5.0,152,75.6,18,9.0,55,27.4,81,40.3,23,11.4,*,<= 5.0,*,<= 5.0,35,17.4,20200715
2019,30,Baltimore City,0403,Baltimore Polytechnic Institute,375,*,>= 95.0,*,<= 5.0,*,>= 95.0,*,<= 5.0,*,<= 5.0,147,39.2,202,53.9,295,78.7,177,47.2,*,<= 5.0,304,81.1,140,37.3,20200715
2019,30,Baltimore City,0405,Patterson High,194,*,>= 95.0,*,<= 5.0,121,62.4,*,<= 5.0,67,34.5,*,<= 5.0,37,19.1,63,32.5,*,<= 5.0,*,<= 5.0,11,5.7,27,13.9,20200715
2019,30,Baltimore City,0406,Forest Park High,121,*,>= 95.0,*,<= 5.0,53,43.8,*,<= 5.0,64,52.9,*,<= 5.0,45,37.2,18,14.9,*,<= 5.0,*,<= 5.0,*,<= 5.0,*,<= 5.0,20200715
2019,30,Baltimore City,0407,Western High,212,*,>= 95.0,*,<= 5.0,174,82.1,*,<= 5.0,37,17.5,33,15.6,126,59.4,106,50.0,14,6.6,*,<= 5.0,73,34.4,45,21.2,20200715
2019,30,Baltimore City,0410,Mergenthaler Vocational-Technical High,337,*,>= 95.0,*,<= 5.0,58,17.2,*,<= 5.0,265,78.6,*,<= 5.0,86,25.5,102,30.3,*,<= 5.0,*,<= 5.0,*,<= 5.0,24,7.1,20200715
2019,30,Baltimore City,0413,Achievement Academy at Harbor City High,62,*,>= 95.0,*,<= 5.0,50,80.6,9,14.5,*,<= 5.0,*,<= 5.0,8,12.9,10,16.1,*,<= 5.0,*,<= 5.0,*,<= 5.0,*,<= 5.0,20200715
2019,30,Baltimore City,0414,Paul Laurence Dunbar High,164,*,>= 95.0,*,<= 5.0,120,73.2,*,<= 5.0,39,23.8,16,9.8,72,43.9,57,34.8,18,11.0,*,<= 5.0,30,18.3,26,15.9,20200715
2019,30,Baltimore City,0415,Baltimore School for the Arts,93,*,>= 95.0,*,<= 5.0,*,>= 95.0,*,<= 5.0,*,<= 5.0,42,45.2,60,64.5,70,75.3,*,<= 5.0,*,<= 5.0,65,69.9,51,54.8,20200715
2019,30,Baltimore City,0416,Digital Harbor High School,180,*,>= 95.0,*,<= 5.0,76,42.2,*,<= 5.0,97,53.9,*,<= 5.0,53,29.4,76,42.2,*,<= 5.0,*,<= 5.0,*,<= 5.0,25,13.9,20200715
2019,30,Baltimore City,0419,Reginald F. Lewis High,91,*,>= 95.0,*,<= 5.0,75,82.4,*,<= 5.0,12,13.2,*,<= 5.0,24,26.4,22,24.2,*,<= 5.0,*,<= 5.0,*,<= 5.0,13,14.3,20200715
2019,30,Baltimore City,0421,National Academy Foundation,120,*,>= 95.0,*,<= 5.0,25,20.8,31,25.8,61,50.8,*,<= 5.0,15,12.5,44,36.7,*,<= 5.0,*,<= 5.0,*,<= 5.0,8,6.7,20200715
2019,30,Baltimore City,0422,New Era Academy,44,*,>= 95.0,*,<= 5.0,24,54.5,5,11.4,15,34.1,*,<= 5.0,10,22.7,10,22.7,*,<= 5.0,*,<= 5.0,*,<= 5.0,6,13.6,20200715
2019,30,Baltimore City,0427,Academy for College and Career Exploration,61,*,>= 95.0,*,<= 5.0,46,75.4,*,<= 5.0,13,21.3,4,6.6,9,14.8,22,36.1,8,13.1,*,<= 5.0,*,<= 5.0,9,14.8,20200715
2019,30,Baltimore City,0429,Vivien T. Thomas Medical Arts Academy,78,*,>= 95.0,*,<= 5.0,13,16.7,*,<= 5.0,63,80.8,*,<= 5.0,34,43.6,12,15.4,*,<= 5.0,*,<= 5.0,*,<= 5.0,7,9.0,20200715
2019,30,Baltimore City,0430,Augusta Fells Savage Institute of Visual Arts,61,*,>= 95.0,*,<= 5.0,48,78.7,*,<= 5.0,11,18.0,*,<= 5.0,14,23.0,14,23.0,*,<= 5.0,*,<= 5.0,*,<= 5.0,6,9.8,20200715
2019,30,Baltimore City,0432,Coppin Academy,59,*,>= 95.0,*,<= 5.0,*,>= 95.0,*,<= 5.0,*,<= 5.0,3,5.1,24,40.7,28,47.5,*,<= 5.0,*,<= 5.0,5,8.5,8,13.6,20200715
2019,30,Baltimore City,0433,Renaissance Academy,27,*,>= 95.0,*,<= 5.0,24,88.9,*,<= 5.0,*,<= 5.0,*,<= 5.0,3,11.1,9,33.3,*,<= 5.0,*,<= 5.0,*,<= 5.0,*,<= 5.0,20200715
2019,30,Baltimore City,0450,Frederick Douglass High,152,*,>= 95.0,*,<= 5.0,134,88.2,*,<= 5.0,18,11.8,*,<= 5.0,34,22.4,22,14.5,*,<= 5.0,*,<= 5.0,*,<= 5.0,10,6.6,20200715
2019,30,Baltimore City,0454,Carver Vocational-Technical High,147,*,>= 95.0,*,<= 5.0,30,20.4,24,16.3,92,62.6,*,<= 5.0,31,21.1,51,34.7,*,<= 5.0,*,<= 5.0,*,<= 5.0,15,10.2,20200715
2019,30,Baltimore City,0480,Baltimore City College,293,*,>= 95.0,*,<= 5.0,*,>= 95.0,*,<= 5.0,*,<= 5.0,90,30.7,213,72.7,196,66.9,76,25.9,*,<= 5.0,164,56.0,111,37.9,20200715
2019,30,Baltimore City,A,All Baltimore City Schools,3798,*,>= 95.0,*,<= 5.0,2452,64.6,*,<= 5.0,1134,29.9,436,11.5,1409,37.1,1660,43.7,393,10.3,*,<= 5.0,773,20.4,706,18.6,20200715
2019,32,SEED,1000,The Seed School of Maryland,*,*,>= 95.0,*,<= 5.0,*,>= 95.0,*,<= 5.0,*,<= 5.0,*,<= 5.0,*,<= 5.0,*,<= 5.0,*,<= 5.0,*,<= 5.0,*,<= 5.0,*,<= 5.0,20200715
2019,32,SEED,A,All SEED Schools,*,*,>= 95.0,*,<= 5.0,*,>= 95.0,*,<= 5.0,*,<= 5.0,*,<= 5.0,*,<= 5.0,*,<= 5.0,*,<= 5.0,*,<= 5.0,*,<= 5.0,*,<= 5.0,20200715
2019,A,State,A,All Maryland Schools,57820,57221,99.0,599,1.0,29544,51.1,5452,9.4,8348,14.4,18015,31.2,30078,52.0,26451,45.7,14401,24.9,3581,6.2,26010,45.0,28332,49.0,20200715
